파일,출처,용도,폭,높이,원본수정,권리·생성여부,SHA256
/images/belle-myu/bm-v3-01-hero.jpg,사용자 제공 cheongjueyebrow.zip,기존 사이트 이미지 유지,773,967,없음,사용 허락·실제 고객 여부·생성 여부에 대한 별도 증빙 미제공,d00eb7b7306b09e0e13aa888ec00ca999676627343335dda7bca1c7959e3e769
/images/belle-myu/bm-v3-02-consultation.jpg,사용자 제공 cheongjueyebrow.zip,기존 사이트 이미지 유지,773,967,없음,사용 허락·실제 고객 여부·생성 여부에 대한 별도 증빙 미제공,c81857aa418f22384198a081471179cab330b9fc58c5c1cb9fe20d619a007b49
/images/belle-myu/bm-v3-03-brow-closeup.jpg,사용자 제공 cheongjueyebrow.zip,기존 사이트 이미지 유지,773,967,없음,사용 허락·실제 고객 여부·생성 여부에 대한 별도 증빙 미제공,d64ed54a683156485d71ebd7fbbbd69f6294e291c8164959548fc8f3392f8af6
/images/belle-myu/bm-v3-04-brow-process.jpg,사용자 제공 cheongjueyebrow.zip,기존 사이트 이미지 유지,773,967,없음,사용 허락·실제 고객 여부·생성 여부에 대한 별도 증빙 미제공,3ebdbebcda59456428982738f27c6ab9d75424c6f0f573bdb03742ce9256bf22
/images/belle-myu/bm-v3-05-result-a.jpg,사용자 제공 cheongjueyebrow.zip,기존 사이트 이미지 유지,386,483,없음,사용 허락·실제 고객 여부·생성 여부에 대한 별도 증빙 미제공,2ac92d91b2699188795656269af3bb614114ea6fee94fd31a6d99758eb9e3d81
/images/belle-myu/bm-v3-06-result-b.jpg,사용자 제공 cheongjueyebrow.zip,기존 사이트 이미지 유지,773,967,없음,사용 허락·실제 고객 여부·생성 여부에 대한 별도 증빙 미제공,1e51c9a5b5b7b88d3d2518f3b0576e7c74f2ced3cdc6fd3a20928d69b837e2d1
/images/belle-myu/bm-v3-07-mirror.jpg,사용자 제공 cheongjueyebrow.zip,기존 사이트 이미지 유지,773,967,없음,사용 허락·실제 고객 여부·생성 여부에 대한 별도 증빙 미제공,55cbf06c3e7445dbffdda02deed05aaa4c327acd4ac4acdf1490afa7f4cf1689
/images/belle-myu/bm-v3-08-hanbok.jpg,사용자 제공 cheongjueyebrow.zip,기존 사이트 이미지 유지,773,967,없음,사용 허락·실제 고객 여부·생성 여부에 대한 별도 증빙 미제공,311c5ca26194649d2aeb6d1f8a32dfb6135b6e9a4ea51ba77eb738774b30b52d
/images/belle-myu/bm-v3-09-portrait.jpg,사용자 제공 cheongjueyebrow.zip,기존 사이트 이미지 유지,773,967,없음,사용 허락·실제 고객 여부·생성 여부에 대한 별도 증빙 미제공,b4874325fd08bbd09bb0e140b08c554abf0eee17a85f2c1897f17bce60679a98
/images/belle-myu/bm-v3-10-entrance.jpg,사용자 제공 cheongjueyebrow.zip,기존 사이트 이미지 유지,773,1031,없음,사용 허락·실제 고객 여부·생성 여부에 대한 별도 증빙 미제공,b97aa036ac2e922d153efd9634c9a183843acb472bdbad3e1c21cea884869ab8
/images/belle-myu/bm-v3-11-interior.jpg,사용자 제공 cheongjueyebrow.zip,기존 사이트 이미지 유지,386,515,없음,사용 허락·실제 고객 여부·생성 여부에 대한 별도 증빙 미제공,1301784fb556225810fe92938501f6444231b33b5d9df153643d0330aad49a59
/images/belle-myu/bm-v3-12-space-a.jpg,사용자 제공 cheongjueyebrow.zip,기존 사이트 이미지 유지,386,515,없음,사용 허락·실제 고객 여부·생성 여부에 대한 별도 증빙 미제공,0c04ba6026c57eb77ccc99ed4f61a5acef8c4184df11b6e2f6d73b3ee06ebfa0
/images/belle-myu/bm-v3-13-space-b.jpg,사용자 제공 cheongjueyebrow.zip,기존 사이트 이미지 유지,386,515,없음,사용 허락·실제 고객 여부·생성 여부에 대한 별도 증빙 미제공,b1b36baaf7955a6bfe3979662088b29ad8276aeac28b604884a707f9e6b90c1d
/images/belle-myu/brow-detail-01.jpg,사용자 제공 cheongjueyebrow.zip,기존 사이트 이미지 유지,773,967,없음,사용 허락·실제 고객 여부·생성 여부에 대한 별도 증빙 미제공,d64ed54a683156485d71ebd7fbbbd69f6294e291c8164959548fc8f3392f8af6
/images/belle-myu/brow-detail-02.jpg,사용자 제공 cheongjueyebrow.zip,기존 사이트 이미지 유지,773,967,없음,사용 허락·실제 고객 여부·생성 여부에 대한 별도 증빙 미제공,1e51c9a5b5b7b88d3d2518f3b0576e7c74f2ced3cdc6fd3a20928d69b837e2d1
/images/belle-myu/brow-process.jpg,사용자 제공 cheongjueyebrow.zip,기존 사이트 이미지 유지,773,967,없음,사용 허락·실제 고객 여부·생성 여부에 대한 별도 증빙 미제공,3ebdbebcda59456428982738f27c6ab9d75424c6f0f573bdb03742ce9256bf22
/images/belle-myu/brow-result-01.jpg,사용자 제공 cheongjueyebrow.zip,기존 사이트 이미지 유지,773,967,없음,사용 허락·실제 고객 여부·생성 여부에 대한 별도 증빙 미제공,d00eb7b7306b09e0e13aa888ec00ca999676627343335dda7bca1c7959e3e769
/images/belle-myu/brow-result-02.jpg,사용자 제공 cheongjueyebrow.zip,기존 사이트 이미지 유지,386,483,없음,사용 허락·실제 고객 여부·생성 여부에 대한 별도 증빙 미제공,2ac92d91b2699188795656269af3bb614114ea6fee94fd31a6d99758eb9e3d81
/images/belle-myu/consultation.jpg,사용자 제공 cheongjueyebrow.zip,기존 사이트 이미지 유지,773,967,없음,사용 허락·실제 고객 여부·생성 여부에 대한 별도 증빙 미제공,c81857aa418f22384198a081471179cab330b9fc58c5c1cb9fe20d619a007b49
/images/belle-myu/hero-main.jpg,사용자 제공 cheongjueyebrow.zip,기존 사이트 이미지 유지,773,967,없음,사용 허락·실제 고객 여부·생성 여부에 대한 별도 증빙 미제공,b4874325fd08bbd09bb0e140b08c554abf0eee17a85f2c1897f17bce60679a98
/images/belle-myu/lifestyle-01.jpg,사용자 제공 cheongjueyebrow.zip,기존 사이트 이미지 유지,773,967,없음,사용 허락·실제 고객 여부·생성 여부에 대한 별도 증빙 미제공,55cbf06c3e7445dbffdda02deed05aaa4c327acd4ac4acdf1490afa7f4cf1689
/images/belle-myu/lifestyle-02.jpg,사용자 제공 cheongjueyebrow.zip,기존 사이트 이미지 유지,773,967,없음,사용 허락·실제 고객 여부·생성 여부에 대한 별도 증빙 미제공,311c5ca26194649d2aeb6d1f8a32dfb6135b6e9a4ea51ba77eb738774b30b52d
/images/belle-myu/space-treatment-01.jpg,사용자 제공 cheongjueyebrow.zip,기존 사이트 이미지 유지,386,515,없음,사용 허락·실제 고객 여부·생성 여부에 대한 별도 증빙 미제공,0c04ba6026c57eb77ccc99ed4f61a5acef8c4184df11b6e2f6d73b3ee06ebfa0
/images/belle-myu/space-treatment-02.jpg,사용자 제공 cheongjueyebrow.zip,기존 사이트 이미지 유지,386,515,없음,사용 허락·실제 고객 여부·생성 여부에 대한 별도 증빙 미제공,b1b36baaf7955a6bfe3979662088b29ad8276aeac28b604884a707f9e6b90c1d
/images/belle-myu/store-entrance.jpg,사용자 제공 cheongjueyebrow.zip,기존 사이트 이미지 유지,773,1031,없음,사용 허락·실제 고객 여부·생성 여부에 대한 별도 증빙 미제공,b97aa036ac2e922d153efd9634c9a183843acb472bdbad3e1c21cea884869ab8
/images/belle-myu/store-interior.jpg,사용자 제공 cheongjueyebrow.zip,기존 사이트 이미지 유지,386,515,없음,사용 허락·실제 고객 여부·생성 여부에 대한 별도 증빙 미제공,1301784fb556225810fe92938501f6444231b33b5d9df153643d0330aad49a59
